{"cameraMode":{"drawMode":0,"name":"Shaded","section":"Shading Mode"},"sceneLighting":false,"audioPlay":false,"sceneViewState":{"m_AlwaysRefresh":false,"showFog":true,"showSkybox":false,"showFlares":true,"showImageEffects":true,"showParticleSystems":true,"showVisualEffectGraphs":true,"m_FxEnabled":true},"in2DMode":false,"pivot":{"x":-0.4097358286380768,"y":1.3022328615188599,"z":-2.2113330364227297},"rotation":{"x":-0.008501598611474038,"y":-0.20403799414634705,"z":-0.0017907196888700128,"w":0.9788487553596497},"size":2.3737947940826418,"orthographic":false}