{"cameraMode":{"drawMode":0,"name":"Shaded","section":"Shading Mode"},"sceneLighting":true,"audioPlay":false,"sceneViewState":{"showFog":true,"showMaterialUpdate":false,"showSkybox":true,"showFlares":true,"showImageEffects":true,"showParticleSystems":true},"in2DMode":false,"pivot":{"x":1.176755428314209,"y":2.3221545219421388,"z":-6.542245864868164},"rotation":{"x":0.20942316949367524,"y":0.06769826263189316,"z":-0.014535422436892987,"w":0.9753724932670593},"size":3.9073946475982668,"orthographic":false}