{"cameraMode":{"drawMode":0,"name":"Shaded","section":"Shading Mode"},"sceneLighting":false,"audioPlay":false,"sceneViewState":{"m_AlwaysRefresh":false,"showFog":true,"showSkybox":false,"showFlares":true,"showImageEffects":true,"showParticleSystems":true,"showVisualEffectGraphs":true,"m_FxEnabled":true},"in2DMode":false,"pivot":{"x":-0.23299147188663484,"y":1.6652238368988038,"z":1.6367493867874146},"rotation":{"x":0.002724666614085436,"y":-0.9950851798057556,"z":0.028675874695181848,"w":0.09460925310850144},"size":2.3241631984710695,"orthographic":false}