{"cameraMode":{"drawMode":0,"name":"Shaded","section":"Shading Mode"},"sceneLighting":true,"audioPlay":false,"sceneViewState":{"m_AlwaysRefresh":false,"showFog":true,"showSkybox":true,"showFlares":true,"showImageEffects":true,"showParticleSystems":true,"showVisualEffectGraphs":true,"m_FxEnabled":true},"in2DMode":false,"pivot":{"x":710.2279663085938,"y":448.2873229980469,"z":-416.979736328125},"rotation":{"x":0.01156531646847725,"y":-0.14555451273918153,"z":-0.0017001386731863022,"w":-0.9892629384994507},"size":0.8660253882408142,"orthographic":false}