{"cameraMode":{"drawMode":0,"name":"Shaded","section":"Shading Mode"},"sceneLighting":false,"audioPlay":false,"sceneViewState":{"m_AlwaysRefresh":false,"showFog":true,"showSkybox":false,"showFlares":true,"showImageEffects":true,"showParticleSystems":true,"showVisualEffectGraphs":true,"m_FxEnabled":true},"in2DMode":false,"pivot":{"x":0.39333170652389529,"y":0.7465472221374512,"z":-0.958692193031311},"rotation":{"x":-0.09254427254199982,"y":-0.11563412100076676,"z":0.010820824652910233,"w":-0.9889119863510132},"size":1.0495539903640748,"orthographic":false}