{"cameraMode":{"drawMode":0,"name":"Shaded","section":"Shading Mode"},"sceneLighting":false,"audioPlay":false,"sceneViewState":{"m_AlwaysRefresh":false,"showFog":true,"showSkybox":false,"showFlares":true,"showImageEffects":true,"showParticleSystems":true,"showVisualEffectGraphs":true,"m_FxEnabled":true},"in2DMode":false,"pivot":{"x":-0.9147601127624512,"y":0.17271244525909425,"z":1.9949463605880738},"rotation":{"x":-0.0007490991847589612,"y":-0.9992771744728088,"z":0.02429586462676525,"w":-0.030008044093847276},"size":0.36609455943107607,"orthographic":false}