{"cameraMode":{"drawMode":0,"name":"Shaded","section":"Shading Mode"},"sceneLighting":false,"audioPlay":false,"sceneViewState":{"m_AlwaysRefresh":false,"showFog":true,"showSkybox":false,"showFlares":true,"showImageEffects":true,"showParticleSystems":true,"showVisualEffectGraphs":true,"m_FxEnabled":true},"in2DMode":false,"pivot":{"x":1.3855253458023072,"y":1.1171170473098755,"z":1.2526335716247559},"rotation":{"x":-0.16207623481750489,"y":0.8360244035720825,"z":-0.33958864212036135,"w":-0.39917171001434328},"size":0.8660253882408142,"orthographic":false}