{"cameraMode":{"drawMode":0,"name":"Shaded","section":"Shading Mode"},"sceneLighting":false,"audioPlay":false,"sceneViewState":{"m_AlwaysRefresh":false,"showFog":true,"showSkybox":false,"showFlares":true,"showImageEffects":true,"showParticleSystems":true,"showVisualEffectGraphs":true,"m_FxEnabled":true},"in2DMode":false,"pivot":{"x":-0.01714843511581421,"y":6.094975471496582,"z":0.1253792941570282},"rotation":{"x":-0.06316201388835907,"y":0.05745053291320801,"z":-0.0036420184187591078,"w":-0.996334969997406},"size":1.8232433795928956,"orthographic":false}