{"cameraMode":{"drawMode":0,"name":"Shaded","section":"Shading Mode"},"sceneLighting":false,"audioPlay":false,"sceneViewState":{"m_AlwaysRefresh":false,"showFog":true,"showSkybox":false,"showFlares":true,"showImageEffects":true,"showParticleSystems":true,"showVisualEffectGraphs":true,"m_FxEnabled":true},"in2DMode":false,"pivot":{"x":1.3913244009017945,"y":1.5637562274932862,"z":-0.22206169366836549},"rotation":{"x":-0.16431699693202973,"y":0.4786837100982666,"z":-0.09171878546476364,"w":-0.8575889468193054},"size":0.7281317114830017,"orthographic":false}