{"cameraMode":{"drawMode":0,"name":"Shaded","section":"Shading Mode"},"sceneLighting":false,"audioPlay":false,"sceneViewState":{"m_AlwaysRefresh":false,"showFog":false,"showSkybox":false,"showFlares":false,"showImageEffects":false,"showParticleSystems":false,"showVisualEffectGraphs":true,"m_FxEnabled":true},"in2DMode":false,"pivot":{"x":0.0000018477439880371094,"y":1.5626981258392335,"z":0.016342580318450929},"rotation":{"x":0.003979826811701059,"y":0.9923874735832214,"z":-0.11846267431974411,"w":0.033374059945344928},"size":0.8660253882408142,"orthographic":false}