{"cameraMode":{"drawMode":0,"name":"Shaded","section":"Shading Mode"},"sceneLighting":false,"audioPlay":false,"sceneViewState":{"m_AlwaysRefresh":false,"showFog":true,"showSkybox":false,"showFlares":true,"showImageEffects":true,"showParticleSystems":true,"showVisualEffectGraphs":true,"m_FxEnabled":true},"in2DMode":false,"pivot":{"x":0.002942323684692383,"y":0.02310962975025177,"z":0.013749778270721436},"rotation":{"x":-0.08562487363815308,"y":0.47853004932403567,"z":-0.04695534333586693,"w":-0.8726285099983215},"size":0.5621342658996582,"orthographic":false}