{"cameraMode":{"drawMode":0,"name":"Shaded","section":"Shading Mode"},"sceneLighting":false,"audioPlay":false,"sceneViewState":{"m_AlwaysRefresh":false,"showFog":true,"showSkybox":false,"showFlares":true,"showImageEffects":true,"showParticleSystems":true,"showVisualEffectGraphs":true,"m_FxEnabled":true},"in2DMode":false,"pivot":{"x":-0.014466741122305394,"y":-0.35618841648101809,"z":-0.2983863949775696},"rotation":{"x":0.3490922451019287,"y":0.05757633596658707,"z":-0.021491410210728647,"w":0.9350679516792297},"size":0.7524477243423462,"orthographic":false}