{"cameraMode":{"drawMode":0,"name":"Shaded","section":"Shading Mode"},"sceneLighting":false,"audioPlay":false,"sceneViewState":{"m_AlwaysRefresh":false,"showFog":true,"showSkybox":false,"showFlares":true,"showImageEffects":true,"showParticleSystems":true,"showVisualEffectGraphs":true,"m_FxEnabled":true},"in2DMode":false,"pivot":{"x":-0.9757423400878906,"y":1.536793828010559,"z":0.7962756156921387},"rotation":{"x":0.19978700578212739,"y":-0.6075549721717835,"z":0.16149437427520753,"w":0.7515812516212463},"size":1.9852036237716675,"orthographic":false}