{"cameraMode":{"drawMode":0,"name":"Shaded","section":"Shading Mode"},"sceneLighting":false,"audioPlay":false,"sceneViewState":{"m_AlwaysRefresh":false,"showFog":true,"showSkybox":false,"showFlares":true,"showImageEffects":true,"showParticleSystems":true,"showVisualEffectGraphs":true,"m_FxEnabled":true},"in2DMode":false,"pivot":{"x":-2.694416046142578,"y":11.113119125366211,"z":-8.85450553894043},"rotation":{"x":0.49065694212913515,"y":-0.03527304530143738,"z":0.019887534901499749,"w":0.8704038858413696},"size":0.7316755652427673,"orthographic":false}