{"cameraMode":{"drawMode":0,"name":"Shaded","section":"Shading Mode"},"sceneLighting":false,"audioPlay":false,"sceneViewState":{"m_AlwaysRefresh":false,"showFog":true,"showSkybox":false,"showFlares":true,"showImageEffects":true,"showParticleSystems":true,"showVisualEffectGraphs":true,"m_FxEnabled":true},"in2DMode":false,"pivot":{"x":35.543373107910159,"y":0.9549502730369568,"z":2.1753745079040529},"rotation":{"x":0.18017596006393434,"y":0.22784176468849183,"z":-0.0429585725069046,"w":0.9558688402175903},"size":1.8500529527664185,"orthographic":false}