{"cameraMode":{"drawMode":0,"name":"Shaded","section":"Shading Mode"},"sceneLighting":false,"audioPlay":false,"sceneViewState":{"m_AlwaysRefresh":false,"showFog":true,"showSkybox":false,"showFlares":true,"showImageEffects":true,"showParticleSystems":true,"showVisualEffectGraphs":true,"m_FxEnabled":true},"in2DMode":false,"pivot":{"x":-0.04952916502952576,"y":0.7892462015151978,"z":-0.017833828926086427},"rotation":{"x":-0.0007490991847589612,"y":-0.9992771744728088,"z":0.02429586462676525,"w":-0.030008044093847276},"size":1.2446386814117432,"orthographic":false}