{"cameraMode":{"drawMode":0,"name":"Shaded","section":"Shading Mode"},"sceneLighting":false,"audioPlay":false,"sceneViewState":{"m_AlwaysRefresh":false,"showFog":true,"showSkybox":false,"showFlares":true,"showImageEffects":true,"showParticleSystems":true,"showVisualEffectGraphs":true,"m_FxEnabled":true},"in2DMode":false,"pivot":{"x":-0.07885129004716873,"y":2.0292391777038576,"z":0.05381679907441139},"rotation":{"x":-0.07242917269468308,"y":0.6905152797698975,"z":-0.06987053900957108,"w":-0.7162703275680542},"size":3.5845565795898439,"orthographic":false}