{"cameraMode":{"drawMode":0,"name":"Shaded","section":"Shading Mode"},"sceneLighting":false,"audioPlay":false,"sceneViewState":{"m_AlwaysRefresh":false,"showFog":true,"showSkybox":false,"showFlares":true,"showImageEffects":true,"showParticleSystems":true,"showVisualEffectGraphs":true,"m_FxEnabled":true},"in2DMode":false,"pivot":{"x":0.5720413327217102,"y":1.0617892742156983,"z":-0.008080129511654377},"rotation":{"x":-0.09446898847818375,"y":0.4832320511341095,"z":-0.05254504084587097,"w":-0.8687975406646729},"size":0.7451455593109131,"orthographic":false}