{"cameraMode":{"drawMode":0,"name":"Shaded","section":"Shading Mode"},"sceneLighting":false,"audioPlay":false,"sceneViewState":{"m_AlwaysRefresh":false,"showFog":true,"showSkybox":false,"showFlares":true,"showImageEffects":true,"showParticleSystems":true,"showVisualEffectGraphs":true,"m_FxEnabled":true},"in2DMode":false,"pivot":{"x":-0.03973388671875,"y":5.818902015686035,"z":-0.004358530044555664},"rotation":{"x":-0.06316201388835907,"y":0.05745053291320801,"z":-0.0036420184187591078,"w":-0.996334969997406},"size":2.633559465408325,"orthographic":false}