{"cameraMode":{"drawMode":0,"name":"Shaded","section":"Shading Mode"},"sceneLighting":false,"audioPlay":false,"sceneViewState":{"m_AlwaysRefresh":false,"showFog":true,"showSkybox":false,"showFlares":true,"showImageEffects":true,"showParticleSystems":true,"showVisualEffectGraphs":true,"m_FxEnabled":true},"in2DMode":false,"pivot":{"x":0.0000017881393432617188,"y":1.5131397247314454,"z":0.016342639923095704},"rotation":{"x":0.003979826811701059,"y":0.9923874735832214,"z":-0.11846267431974411,"w":0.033374059945344928},"size":2.3353731632232668,"orthographic":false}