{"cameraMode":{"drawMode":0,"name":"Shaded","section":"Shading Mode"},"sceneLighting":false,"audioPlay":false,"sceneViewState":{"m_AlwaysRefresh":false,"showFog":true,"showSkybox":false,"showFlares":true,"showImageEffects":true,"showParticleSystems":true,"showVisualEffectGraphs":true,"m_FxEnabled":true},"in2DMode":false,"pivot":{"x":1.4693903923034669,"y":1.0437017679214478,"z":-0.06914472579956055},"rotation":{"x":0.10921438783407211,"y":0.08190450072288513,"z":-0.00902977678924799,"w":0.9905818700790405},"size":2.3353731632232668,"orthographic":false}