{"cameraMode":{"drawMode":0,"name":"Shaded","section":"Shading Mode"},"sceneLighting":false,"audioPlay":false,"sceneViewState":{"m_AlwaysRefresh":false,"showFog":true,"showSkybox":false,"showFlares":true,"showImageEffects":true,"showParticleSystems":true,"showVisualEffectGraphs":true,"m_FxEnabled":true},"in2DMode":false,"pivot":{"x":0.2060312032699585,"y":1.4852994680404664,"z":0.05026054382324219},"rotation":{"x":0.0585959367454052,"y":-0.0777900293469429,"z":0.004580576438456774,"w":0.9952228665351868},"size":2.3353731632232668,"orthographic":false}